mmsi,name,timestamp,lat,lon,sog_knots,cog_deg,heading_deg,nav_status,ship_type
419111222,MV BAY RUNNER,2026-08-18T16:47:00,9.637300000000002,78.2961,10.627415505361565,40,40,under way using engine,cargo
419111222,MV BAY RUNNER,2026-08-18T16:57:00,9.660815225864122,78.31598569612903,11.063725159898237,40,40,under way using engine,cargo
419111222,MV BAY RUNNER,2026-08-18T17:07:00,9.684329270227892,78.33587415293589,10.891670185288053,40,40,under way using engine,cargo
419111222,MV BAY RUNNER,2026-08-18T17:17:00,9.70784213000978,78.35576537751741,10.98134386094457,40,40,under way using engine,cargo
419111222,MV BAY RUNNER,2026-08-18T17:27:00,9.731353802126858,78.3756593769729,11.236580865101983,40,40,under way using engine,cargo
419111222,MV BAY RUNNER,2026-08-18T17:37:00,9.75486428349481,78.39555615840413,10.76763413549643,40,40,under way using engine,cargo
419111222,MV BAY RUNNER,2026-08-18T17:47:00,9.77837357102789,78.41545572891526,10.913382476608431,40,40,under way using engine,cargo
419111222,MV BAY RUNNER,2026-08-18T17:57:00,9.801881661638973,78.43535809561294,10.986864676522949,40,40,under way using engine,cargo
419111222,MV BAY RUNNER,2026-08-18T18:07:00,9.825388552239502,78.45526326560628,11.324009455085182,40,40,under way using engine,cargo
419111222,MV BAY RUNNER,2026-08-18T18:17:00,9.848894239739515,78.47517124600682,10.861721228194051,40,40,under way using engine,cargo
419111222,MV BAY RUNNER,2026-08-18T18:27:00,9.87239872104763,78.49508204392863,10.73192253175161,40,40,under way using engine,cargo
419111222,MV BAY RUNNER,2026-08-18T18:37:00,9.89590199307103,78.5149956664882,11.012752843120657,40,40,under way using engine,cargo
419111222,MV BAY RUNNER,2026-08-18T18:47:00,9.919404052715493,78.53491212080455,10.63442697362931,40,40,under way using engine,cargo
419111222,MV BAY RUNNER,2026-08-18T18:57:00,9.942904896885352,78.55483141399914,10.734472302625942,40,40,under way using engine,cargo
419111222,MV BAY RUNNER,2026-08-18T19:07:00,9.966404522483506,78.57475355319596,11.275321275784368,40,40,under way using engine,cargo
419111222,MV BAY RUNNER,2026-08-18T19:17:00,9.989902926411421,78.59467854552149,10.684339900298214,40,40,under way using engine,cargo
419111222,MV BAY RUNNER,2026-08-18T19:27:00,10.013400105569119,78.6146063981047,10.945672585371835,40,40,under way using engine,cargo
419111222,MV BAY RUNNER,2026-08-18T19:37:00,10.036896056855179,78.63453711807712,10.633385689703461,40,40,under way using engine,cargo
419111222,MV BAY RUNNER,2026-08-18T19:47:00,10.060390777166724,78.65447071257273,10.841274500960793,40,40,under way using engine,cargo
419111222,MV BAY RUNNER,2026-08-18T19:57:00,10.083884263399433,78.6744071887281,10.910610060351914,40,40,under way using engine,cargo
419111222,MV BAY RUNNER,2026-08-18T20:07:00,10.10737651244752,78.69434655368227,10.930681268930675,40,40,under way using engine,cargo
419111222,MV BAY RUNNER,2026-08-18T20:17:00,10.130867521203744,78.71428881457686,11.288440314745499,40,40,under way using engine,cargo
419111222,MV BAY RUNNER,2026-08-18T20:27:00,10.154357286559394,78.73423397855602,11.221592362543106,40,40,under way using engine,cargo
419111222,MV BAY RUNNER,2026-08-18T20:37:00,10.177845805404298,78.75418205276644,11.033858346415295,40,40,under way using engine,cargo
419111222,MV BAY RUNNER,2026-08-18T20:47:00,10.201333074626804,78.77413304435736,10.75592962283854,40,40,under way using engine,cargo
419111222,MV BAY RUNNER,2026-08-18T20:57:00,10.224819091113789,78.79408696048058,10.78375611487602,40,40,under way using engine,cargo
419111222,MV BAY RUNNER,2026-08-18T21:07:00,10.24830385175065,78.8140438082905,10.955574614386494,40,40,under way using engine,cargo
419111222,MV BAY RUNNER,2026-08-18T21:17:00,10.271787353421297,78.83400359494404,10.763132320286742,40,40,under way using engine,cargo
419111222,MV BAY RUNNER,2026-08-18T21:27:00,10.29526959300816,78.85396632760072,10.886137640712981,40,40,under way using engine,cargo
419111222,MV BAY RUNNER,2026-08-18T21:37:00,10.318750567392167,78.87393201342263,10.919125009017161,40,40,under way using engine,cargo
419111222,MV BAY RUNNER,2026-08-18T21:47:00,10.34223027345276,78.89390065957448,11.160987101908658,40,40,under way using engine,cargo
419111222,MV BAY RUNNER,2026-08-18T21:57:00,10.365708708067874,78.91387227322355,10.750742439199948,40,40,under way using engine,cargo
419111222,MV BAY RUNNER,2026-08-18T22:07:00,10.389185868113954,78.93384686153972,11.202382724651104,40,40,under way using engine,cargo
419111222,MV BAY RUNNER,2026-08-18T22:17:00,10.412661750465922,78.95382443169548,10.92348728428749,40,40,under way using engine,cargo
419111222,MV BAY RUNNER,2026-08-18T22:27:00,10.436136351997206,78.97380499086594,10.791336534484486,40,40,under way using engine,cargo
419111222,MV BAY RUNNER,2026-08-18T22:37:00,10.459609669579706,78.99378854622881,10.668812724574629,40,40,under way using engine,cargo
419111222,MV BAY RUNNER,2026-08-18T22:47:00,10.483081700083815,79.01377510496444,10.713311454674939,40,40,under way using engine,cargo
419111222,MV BAY RUNNER,2026-08-18T22:57:00,10.506552440378393,79.0337646742558,11.08185413592838,40,40,under way using engine,cargo
419111222,MV BAY RUNNER,2026-08-18T23:07:00,10.530021887330784,79.05375726128851,11.343360644655101,40,40,under way using engine,cargo
419111222,MV BAY RUNNER,2026-08-18T23:17:00,10.553490037806796,79.07375287325081,10.908854961763971,40,40,under way using engine,cargo
419111222,MV BAY RUNNER,2026-08-18T23:27:00,10.576956888670711,79.09375151733362,10.73436871108834,40,40,under way using engine,cargo
419111222,MV BAY RUNNER,2026-08-18T23:37:00,10.600422436785264,79.11375320073046,11.206252758362782,40,40,under way using engine,cargo
419111222,MV BAY RUNNER,2026-08-18T23:47:00,10.623886679011655,79.13375793063756,10.943172101572959,40,40,under way using engine,cargo
419111222,MV BAY RUNNER,2026-08-18T23:57:00,10.647349612209537,79.15376571425378,11.242337977241954,40,40,under way using engine,cargo
419111222,MV BAY RUNNER,2026-08-19T00:07:00,10.670811233237016,79.17377655878069,10.778933930151545,40,40,under way using engine,cargo
419111222,MV BAY RUNNER,2026-08-19T00:17:00,10.694271538950643,79.1937904714225,10.948243679728032,40,40,under way using engine,cargo
419111222,MV BAY RUNNER,2026-08-19T00:27:00,10.717730526205411,79.21380745938612,10.642590286765888,40,40,under way using engine,cargo
419111222,MV BAY RUNNER,2026-08-19T00:37:00,10.74118819185476,79.23382752988113,10.899211954094762,40,40,under way using engine,cargo
419111222,MV BAY RUNNER,2026-08-19T00:47:00,10.764644532750557,79.25385069011983,10.563973868945084,40,40,under way using engine,cargo
419111222,MV BAY RUNNER,2026-08-19T00:57:00,10.788099545743105,79.2738769473172,11.211566794529263,40,40,under way using engine,cargo
419111222,MV BAY RUNNER,2026-08-19T01:07:00,10.811553227681133,79.29390630869096,10.916016322886222,40,40,under way using engine,cargo
419111222,MV BAY RUNNER,2026-08-19T01:17:00,10.835005575411795,79.31393878146149,10.940355608766865,40,40,under way using engine,cargo
419111222,MV BAY RUNNER,2026-08-19T01:27:00,10.858456585780667,79.33397437285191,11.010846386996299,40,40,under way using engine,cargo
419111222,MV BAY RUNNER,2026-08-19T01:37:00,10.881906255631737,79.35401309008809,11.302039894702403,40,40,under way using engine,cargo
419111222,MV BAY RUNNER,2026-08-19T01:47:00,10.905354581807407,79.37405494039858,10.88356644689438,40,40,under way using engine,cargo
419111222,MV BAY RUNNER,2026-08-19T01:57:00,10.928801561148493,79.39409993101471,10.693621627535647,40,40,under way using engine,cargo
419111222,MV BAY RUNNER,2026-08-19T02:07:00,10.952247190494203,79.41414806917052,10.907403300138917,40,40,under way using engine,cargo
419111222,MV BAY RUNNER,2026-08-19T02:17:00,10.975691466682159,79.43419936210283,10.559912811825683,40,40,under way using engine,cargo
419111222,MV BAY RUNNER,2026-08-19T02:27:00,10.99913438654837,79.45425381705118,11.250939918600052,40,40,under way using engine,cargo
419111222,MV BAY RUNNER,2026-08-19T02:37:00,11.022575946927242,79.47431144125787,10.596877590734177,40,40,under way using engine,cargo
419111222,MV BAY RUNNER,2026-08-19T02:47:00,11.04601614465157,79.494372241968,11.13312650749001,40,40,under way using engine,cargo
419111222,MV BAY RUNNER,2026-08-19T02:57:00,11.069454976552539,79.51443622642938,10.510480534232236,40,40,under way using engine,cargo
419111222,MV BAY RUNNER,2026-08-19T03:07:00,11.092892439459705,79.53450340189266,10.810732021517238,40,40,under way using engine,cargo
419111222,MV BAY RUNNER,2026-08-19T03:17:00,11.116328530201,79.55457377561125,11.013801694156053,40,40,under way using engine,cargo
419111222,MV BAY RUNNER,2026-08-19T03:27:00,11.139763245602746,79.57464735484132,11.011856264548559,40,40,under way using engine,cargo
419111222,MV BAY RUNNER,2026-08-19T03:37:00,11.163196582489613,79.59472414684186,10.773115876199702,40,40,under way using engine,cargo
419111222,MV BAY RUNNER,2026-08-19T03:47:00,11.186628537684655,79.61480415887465,10.99922712032192,40,40,under way using engine,cargo
419111222,MV BAY RUNNER,2026-08-19T03:57:00,11.210059108009272,79.6348873982043,10.826629670008465,40,40,under way using engine,cargo
419111222,MV BAY RUNNER,2026-08-19T04:07:00,11.233488290283235,79.6549738720982,11.23147893986846,40,40,under way using engine,cargo
419111222,MV BAY RUNNER,2026-08-19T04:17:00,11.25691608132466,79.67506358782656,10.893129887933084,40,40,under way using engine,cargo
419111222,MV BAY RUNNER,2026-08-19T04:27:00,11.280342477950011,79.69515655266243,11.416859335303881,40,40,under way using engine,cargo
419111222,MV BAY RUNNER,2026-08-19T04:37:00,11.303767476974105,79.71525277388167,11.210349570331555,40,40,under way using engine,cargo
419111222,MV BAY RUNNER,2026-08-19T04:47:00,11.3271910752101,79.735352258763,10.990194551500005,40,40,under way using engine,cargo
419111222,MV BAY RUNNER,2026-08-19T04:57:00,11.350613269469484,79.75545501458797,11.322192168888144,40,40,under way using engine,cargo
419111222,MV BAY RUNNER,2026-08-19T05:07:00,11.37403405656209,79.77556104864094,11.303891898682227,40,40,under way using engine,cargo
419111222,MV BAY RUNNER,2026-08-19T05:17:00,11.397453433296066,79.79567036820917,10.684514232128691,40,40,under way using engine,cargo
419111222,MV BAY RUNNER,2026-08-19T05:27:00,11.420871396477903,79.81578298058277,10.74127555190237,40,40,under way using engine,cargo
419111222,MV BAY RUNNER,2026-08-19T05:37:00,11.444287942912402,79.83589889305468,10.928368592920844,40,40,under way using engine,cargo
419111222,MV BAY RUNNER,2026-08-19T05:47:00,11.46770306940269,79.85601811292075,10.636367150863869,40,40,under way using engine,cargo
419111222,MV BAY RUNNER,2026-08-19T05:57:00,11.4911167727502,79.87614064747969,10.819643788690916,40,40,under way using engine,cargo
419111222,MV BAY RUNNER,2026-08-19T06:07:00,11.51452904975468,79.8962665040331,10.634380569264195,40,40,under way using engine,cargo
419111222,MV BAY RUNNER,2026-08-19T06:17:00,11.537939897214184,79.91639568988542,11.064495972873491,40,40,under way using engine,cargo
419111222,MV BAY RUNNER,2026-08-19T06:27:00,11.561349311925067,79.93652821234404,11.266603056584625,40,40,under way using engine,cargo
419111222,MV BAY RUNNER,2026-08-19T06:37:00,11.584757290681981,79.95666407871924,11.020601242344986,40,40,under way using engine,cargo
419111222,MV BAY RUNNER,2026-08-19T06:47:00,11.608163830277881,79.97680329632419,11.095300727474967,40,40,under way using engine,cargo
419111222,MV BAY RUNNER,2026-08-19T06:57:00,11.631568927503993,79.99694587247495,10.731950041077123,40,40,under way using engine,cargo
419111222,MV BAY RUNNER,2026-08-19T07:07:00,11.654972579149856,80.01709181449054,10.587904787176463,40,40,under way using engine,cargo
419111222,MV BAY RUNNER,2026-08-19T07:17:00,11.678374782003264,80.03724112969286,10.941405906168457,40,40,under way using engine,cargo
419111222,MV BAY RUNNER,2026-08-19T07:27:00,11.701775532850307,80.05739382540678,10.511480934162975,40,40,under way using engine,cargo
419111222,MV BAY RUNNER,2026-08-19T07:37:00,11.725174828475346,80.07754990896007,10.96904162526078,40,40,under way using engine,cargo
419111222,MV BAY RUNNER,2026-08-19T07:47:00,11.748572665661008,80.09770938768344,11.253482431195017,40,40,under way using engine,cargo
419111222,MV BAY RUNNER,2026-08-19T07:57:00,11.77196904118819,80.11787226891057,10.746222232840932,40,40,under way using engine,cargo
419111222,MV BAY RUNNER,2026-08-19T08:07:00,11.795363951836046,80.13803855997809,10.939268566289813,40,40,under way using engine,cargo
419111222,MV BAY RUNNER,2026-08-19T08:17:00,11.818757394381999,80.15820826822552,11.191926532306159,40,40,under way using engine,cargo
419111222,MV BAY RUNNER,2026-08-19T08:27:00,11.842149365601715,80.17838140099545,11.302532466333071,40,40,under way using engine,cargo
419111222,MV BAY RUNNER,2026-08-19T08:37:00,11.865539862269115,80.19855796563336,11.023863848932747,40,40,under way using engine,cargo
419111222,MV BAY RUNNER,2026-08-19T08:47:00,11.88892888115637,80.21873796948772,10.869301829926501,40,40,under way using engine,cargo
419111222,MV BAY RUNNER,2026-08-19T08:57:00,11.912316419033882,80.23892141991,11.130675532284346,40,40,under way using engine,cargo
419111222,MV BAY RUNNER,2026-08-19T09:07:00,11.935702472670302,80.25910832425463,11.025035875830502,40,40,under way using engine,cargo
419111222,MV BAY RUNNER,2026-08-19T09:17:00,11.959087038832513,80.27929868987906,11.149673568844747,40,40,under way using engine,cargo
419111222,MV BAY RUNNER,2026-08-19T09:27:00,11.982470114285624,80.29949252414369,10.772197800342509,40,40,under way using engine,cargo
419111222,MV BAY RUNNER,2026-08-19T09:37:00,12.005851695792975,80.31968983441197,11.159984000737753,40,40,under way using engine,cargo
419111222,MV BAY RUNNER,2026-08-19T09:47:00,12.02923178011613,80.33989062805037,10.956328005020396,40,40,under way using engine,cargo
419111222,MV BAY RUNNER,2026-08-19T09:57:00,12.052610364014855,80.36009491242831,11.20794791923127,40,40,under way using engine,cargo
419111222,MV BAY RUNNER,2026-08-19T10:07:00,12.075987444247152,80.38030269491827,10.817011769680612,40,40,under way using engine,cargo
419111222,MV BAY RUNNER,2026-08-19T10:17:00,12.099363017569221,80.40051398289577,11.29275125007977,40,40,under way using engine,cargo
419111222,MV BAY RUNNER,2026-08-19T10:27:00,12.122737080735465,80.42072878373934,10.819445708289528,40,40,under way using engine,cargo
419111222,MV BAY RUNNER,2026-08-19T10:37:00,12.146109630498499,80.44094710483053,11.160770516148043,40,40,under way using engine,cargo
419111222,MV BAY RUNNER,2026-08-19T10:47:00,12.169480663609129,80.46116895355397,10.719093115855095,40,40,under way using engine,cargo
419111222,MV BAY RUNNER,2026-08-19T10:57:00,12.192850176816352,80.48139433729733,10.80964037965416,40,40,under way using engine,cargo
419111222,MV BAY RUNNER,2026-08-19T11:07:00,12.216218166867364,80.50162326345132,10.688551964783974,40,40,under way using engine,cargo
419111222,MV BAY RUNNER,2026-08-19T11:17:00,12.239584630507537,80.52185573940973,11.004731178427448,40,40,under way using engine,cargo
419111222,MV BAY RUNNER,2026-08-19T11:27:00,12.262949564480435,80.54209177256939,10.795365633820415,40,40,under way using engine,cargo
419111222,MV BAY RUNNER,2026-08-19T11:37:00,12.286312965527788,80.56233137033024,10.897620798774568,40,40,under way using engine,cargo
419111222,MV BAY RUNNER,2026-08-19T11:47:00,12.309674830389506,80.58257454009527,10.843190452966125,40,40,under way using engine,cargo
419111222,MV BAY RUNNER,2026-08-19T11:57:00,12.333035155803667,80.60282128927052,10.986585010775034,40,40,under way using engine,cargo
419111222,MV BAY RUNNER,2026-08-19T12:07:00,12.356393938506516,80.62307162526523,10.683693404977568,40,40,under way using engine,cargo
419111222,MV BAY RUNNER,2026-08-19T12:17:00,12.379751175232457,80.6433255554916,11.056139079935067,40,40,under way using engine,cargo
419111222,MV BAY RUNNER,2026-08-19T12:27:00,12.40310686271405,80.66358308736503,11.243547667223071,40,40,under way using engine,cargo
419111222,MV BAY RUNNER,2026-08-19T12:37:00,12.42646099768201,80.68384422830398,10.706797429439487,40,40,under way using engine,cargo
419111222,MV BAY RUNNER,2026-08-19T12:47:00,12.449813576865205,80.70410898573003,10.691110649864635,40,40,under way using engine,cargo
419333444,MT SAGAR JYOTI,2026-08-18T16:47:00,15.844800000000001,78.6222,8.000318319850985,140,140,under way using engine,tanker
419333444,MT SAGAR JYOTI,2026-08-18T16:57:00,15.82770505906759,78.63701678019933,8.195630124653334,140,140,under way using engine,tanker
419333444,MT SAGAR JYOTI,2026-08-18T17:07:00,15.810609079697926,78.65183106954447,8.009048633014796,140,140,under way using engine,tanker
419333444,MT SAGAR JYOTI,2026-08-18T17:17:00,15.793512063231583,78.66664287113719,8.376713596261208,140,140,under way using engine,tanker
419333444,MT SAGAR JYOTI,2026-08-18T17:27:00,15.77641401100846,78.68145218807801,8.05629917129769,140,140,under way using engine,tanker
419333444,MT SAGAR JYOTI,2026-08-18T17:37:00,15.759314924367747,78.69625902346633,8.328559011447828,140,140,under way using engine,tanker
419333444,MT SAGAR JYOTI,2026-08-18T17:47:00,15.742214804647949,78.71106338040028,8.154632062278889,140,140,under way using engine,tanker
419333444,MT SAGAR JYOTI,2026-08-18T17:57:00,15.725113653186876,78.72586526197685,8.370611379136616,140,140,under way using engine,tanker
419333444,MT SAGAR JYOTI,2026-08-18T18:07:00,15.70801147132166,78.74066467129181,8.255313623866886,140,140,under way using engine,tanker
419333444,MT SAGAR JYOTI,2026-08-18T18:17:00,15.69090826038873,78.75546161143974,8.187507442653141,140,140,under way using engine,tanker
419333444,MT SAGAR JYOTI,2026-08-18T18:27:00,15.673804021723832,78.77025608551405,7.875248869542358,140,140,under way using engine,tanker
419333444,MT SAGAR JYOTI,2026-08-18T18:37:00,15.656698756662037,78.78504809660693,8.305052331969021,140,140,under way using engine,tanker
419333444,MT SAGAR JYOTI,2026-08-18T18:47:00,15.639592466537714,78.7998376478094,7.750016613590935,140,140,under way using engine,tanker
419333444,MT SAGAR JYOTI,2026-08-18T18:57:00,15.622485152684549,78.81462474221128,8.239260720185259,140,140,under way using engine,tanker
419333444,MT SAGAR JYOTI,2026-08-18T19:07:00,15.605376816435562,78.82940938290123,7.5942510308848075,140,140,under way using engine,tanker
419333444,MT SAGAR JYOTI,2026-08-18T19:17:00,15.588267459123067,78.84419157296671,7.879279668219438,140,140,under way using engine,tanker
419333444,MT SAGAR JYOTI,2026-08-18T19:27:00,15.57115708207871,78.85897131549397,8.029512374421516,140,140,under way using engine,tanker
419333444,MT SAGAR JYOTI,2026-08-18T19:37:00,15.554045686633447,78.87374861356813,8.058822081525072,140,140,under way using engine,tanker
419333444,MT SAGAR JYOTI,2026-08-18T19:47:00,15.536933274117569,78.8885234702731,7.926012650287968,140,140,under way using engine,tanker
419333444,MT SAGAR JYOTI,2026-08-18T19:57:00,15.519819845860672,78.9032958886916,7.91554415266332,140,140,under way using engine,tanker
419333444,MT SAGAR JYOTI,2026-08-18T20:07:00,15.50270540319168,78.91806587190521,8.129496491518504,140,140,under way using engine,tanker
419333444,MT SAGAR JYOTI,2026-08-18T20:17:00,15.485589947438841,78.9328334229943,7.587851977187918,140,140,under way using engine,tanker
419333444,MT SAGAR JYOTI,2026-08-18T20:27:00,15.468473479929733,78.94759854503808,8.204176290641218,140,140,under way using engine,tanker
419333444,MT SAGAR JYOTI,2026-08-18T20:37:00,15.451356001991241,78.96236124111456,7.790474168692282,140,140,under way using engine,tanker
419333444,MT SAGAR JYOTI,2026-08-18T20:47:00,15.43423751494959,78.97712151430063,7.7826082545743684,140,140,under way using engine,tanker
419333444,MT SAGAR JYOTI,2026-08-18T20:57:00,15.417118020130333,78.99187936767196,7.677131575425751,140,140,under way using engine,tanker
419333444,MT SAGAR JYOTI,2026-08-18T21:07:00,15.399997518858344,79.00663480430306,7.927498832468765,140,140,under way using engine,tanker
419333444,MT SAGAR JYOTI,2026-08-18T21:17:00,15.382876012457821,79.0213878272673,8.117873905114468,140,140,under way using engine,tanker
419333444,MT SAGAR JYOTI,2026-08-18T21:27:00,15.365753502252304,79.03613843963684,8.173875537617977,140,140,under way using engine,tanker
419333444,MT SAGAR JYOTI,2026-08-18T21:37:00,15.348629989564662,79.0508866444827,8.048016643253508,140,140,under way using engine,tanker
419333444,MT SAGAR JYOTI,2026-08-18T21:47:00,15.331505475717083,79.06563244487474,7.595905930176245,140,140,under way using engine,tanker
419333444,MT SAGAR JYOTI,2026-08-18T21:57:00,15.314379962031094,79.08037584388163,7.837319496771294,140,140,under way using engine,tanker
419333444,MT SAGAR JYOTI,2026-08-18T22:07:00,15.297253449827572,79.0951168445709,8.077919595984293,140,140,under way using engine,tanker
419333444,MT SAGAR JYOTI,2026-08-18T22:17:00,15.280125940426696,79.10985545000891,7.91281314033059,140,140,under way using engine,tanker
419333444,MT SAGAR JYOTI,2026-08-18T22:27:00,15.262997435148003,79.12459166326086,7.849981069235664,140,140,under way using engine,tanker
419333444,MT SAGAR JYOTI,2026-08-18T22:37:00,15.245867935310367,79.13932548739079,7.897022695808449,140,140,under way using engine,tanker
419333444,MT SAGAR JYOTI,2026-08-18T22:47:00,15.228737442231989,79.15405692546159,7.611382017936356,140,140,under way using engine,tanker
419333444,MT SAGAR JYOTI,2026-08-18T22:57:00,15.211605957230404,79.168785980535,8.08433172241766,140,140,under way using engine,tanker
419333444,MT SAGAR JYOTI,2026-08-18T23:07:00,15.194473481622508,79.18351265567158,8.035215172222305,140,140,under way using engine,tanker
419333444,MT SAGAR JYOTI,2026-08-18T23:17:00,15.177340016724512,79.19823695393076,8.186176769723255,140,140,under way using engine,tanker
419333444,MT SAGAR JYOTI,2026-08-18T23:27:00,15.160205563851981,79.2129588783708,8.217873396008624,140,140,under way using engine,tanker
419333444,MT SAGAR JYOTI,2026-08-18T23:37:00,15.143070124319824,79.22767843204883,7.6186273315519975,140,140,under way using engine,tanker
419333444,MT SAGAR JYOTI,2026-08-18T23:47:00,15.125933699442283,79.24239561802081,8.255812930432866,140,140,under way using engine,tanker
419333444,MT SAGAR JYOTI,2026-08-18T23:57:00,15.108796290532958,79.25711043934156,8.036231555871325,140,140,under way using engine,tanker
419333444,MT SAGAR JYOTI,2026-08-19T00:07:00,15.091657898904774,79.27182289906476,7.847996083792303,140,140,under way using engine,tanker
419333444,MT SAGAR JYOTI,2026-08-19T00:17:00,15.074518525870017,79.28653300024294,8.050079060176271,140,140,under way using engine,tanker
419333444,MT SAGAR JYOTI,2026-08-19T00:27:00,15.057378172740316,79.30124074592747,8.320065541698584,140,140,under way using engine,tanker
419333444,MT SAGAR JYOTI,2026-08-19T00:37:00,15.040236840826646,79.31594613916859,7.992359549392115,140,140,under way using engine,tanker
419333444,MT SAGAR JYOTI,2026-08-19T00:47:00,15.023094531439332,79.33064918301542,7.872588080356554,140,140,under way using engine,tanker
419333444,MT SAGAR JYOTI,2026-08-19T00:57:00,15.005951245888046,79.3453498805159,7.932130441407725,140,140,under way using engine,tanker
419333444,MT SAGAR JYOTI,2026-08-19T01:07:00,14.98880698548181,79.36004823471684,7.8027817160784165,140,140,under way using engine,tanker
419333444,MT SAGAR JYOTI,2026-08-19T01:17:00,14.971661751529004,79.37474424866394,7.9120453081685085,140,140,under way using engine,tanker
419333444,MT SAGAR JYOTI,2026-08-19T01:27:00,14.954515545337351,79.38943792540174,7.784598954008127,140,140,under way using engine,tanker
419333444,MT SAGAR JYOTI,2026-08-19T01:37:00,14.937368368213932,79.40412926797364,8.056273716599964,140,140,under way using engine,tanker
419333444,MT SAGAR JYOTI,2026-08-19T01:47:00,14.920220221465183,79.41881827942191,8.32421329596215,140,140,under way using engine,tanker
419333444,MT SAGAR JYOTI,2026-08-19T01:57:00,14.903071106396887,79.43350496278771,8.121479967998484,140,140,under way using engine,tanker
419333444,MT SAGAR JYOTI,2026-08-19T02:07:00,14.885921024314198,79.44818932111103,8.41262423991374,140,140,under way using engine,tanker
419333444,MT SAGAR JYOTI,2026-08-19T02:17:00,14.868769976521616,79.46287135743076,8.1347056063117,140,140,under way using engine,tanker
419333444,MT SAGAR JYOTI,2026-08-19T02:27:00,14.851617964322996,79.47755107478466,7.8271014927699,140,140,under way using engine,tanker
419333444,MT SAGAR JYOTI,2026-08-19T02:37:00,14.83446498902156,79.49222847620932,8.231780151742674,140,140,under way using engine,tanker
419333444,MT SAGAR JYOTI,2026-08-19T02:47:00,14.817311051919887,79.50690356474027,8.176149035747619,140,140,under way using engine,tanker
419333444,MT SAGAR JYOTI,2026-08-19T02:57:00,14.800156154319913,79.52157634341187,7.926644810453864,140,140,under way using engine,tanker
419333444,MT SAGAR JYOTI,2026-08-19T03:07:00,14.78300029752294,79.53624681525737,7.985570535538334,140,140,under way using engine,tanker
419333444,MT SAGAR JYOTI,2026-08-19T03:17:00,14.765843482829633,79.55091498330889,7.901360958803118,140,140,under way using engine,tanker
419333444,MT SAGAR JYOTI,2026-08-19T03:27:00,14.748685711540006,79.56558085059743,8.023148068718616,140,140,under way using engine,tanker
419333444,MT SAGAR JYOTI,2026-08-19T03:37:00,14.731526984953467,79.5802444201529,7.899862652547827,140,140,under way using engine,tanker
419333444,MT SAGAR JYOTI,2026-08-19T03:47:00,14.714367304368759,79.59490569500403,7.796570559403101,140,140,under way using engine,tanker
419333444,MT SAGAR JYOTI,2026-08-19T03:57:00,14.697206671084007,79.60956467817849,8.272054986204488,140,140,under way using engine,tanker
419333444,MT SAGAR JYOTI,2026-08-19T04:07:00,14.680045086396698,79.6242213727028,7.884465279989957,140,140,under way using engine,tanker
419333444,MT SAGAR JYOTI,2026-08-19T04:17:00,14.662882551603694,79.63887578160241,7.814831694519335,140,140,under way using engine,tanker
419333444,MT SAGAR JYOTI,2026-08-19T04:27:00,14.645719068001215,79.65352790790158,8.199543815720455,140,140,under way using engine,tanker
419333444,MT SAGAR JYOTI,2026-08-19T04:37:00,14.628554636884857,79.66817775462353,7.674117079111254,140,140,under way using engine,tanker
419333444,MT SAGAR JYOTI,2026-08-19T04:47:00,14.611389259549592,79.68282532479033,8.043811110795675,140,140,under way using engine,tanker
419333444,MT SAGAR JYOTI,2026-08-19T04:57:00,14.594222937289743,79.69747062142297,7.78289747290566,140,140,under way using engine,tanker
419333444,MT SAGAR JYOTI,2026-08-19T05:07:00,14.57705567139904,79.71211364754129,7.944676336211801,140,140,under way using engine,tanker
419333444,MT SAGAR JYOTI,2026-08-19T05:17:00,14.559887463170552,79.72675440616405,8.315013717822053,140,140,under way using engine,tanker
419333444,MT SAGAR JYOTI,2026-08-19T05:27:00,14.542718313896746,79.74139290030892,7.787782032258748,140,140,under way using engine,tanker
419333444,MT SAGAR JYOTI,2026-08-19T05:37:00,14.52554822486945,79.75602913299244,7.890535337472316,140,140,under way using engine,tanker
419333444,MT SAGAR JYOTI,2026-08-19T05:47:00,14.508377197379872,79.77066310723004,7.706492337395764,140,140,under way using engine,tanker
419333444,MT SAGAR JYOTI,2026-08-19T05:57:00,14.491205232718606,79.78529482603608,7.493671951621353,140,140,under way using engine,tanker
419333444,MT SAGAR JYOTI,2026-08-19T06:07:00,14.474032332175609,79.7999242924238,7.87362922411003,140,140,under way using engine,tanker
419333444,MT SAGAR JYOTI,2026-08-19T06:17:00,14.456858497040235,79.81455150940533,7.439626116422777,140,140,under way using engine,tanker
419333444,MT SAGAR JYOTI,2026-08-19T06:27:00,14.439683728601201,79.82917647999174,7.952659440349088,140,140,under way using engine,tanker
419333444,MT SAGAR JYOTI,2026-08-19T06:37:00,14.422508028146611,79.84379920719296,8.39961990168388,140,140,under way using engine,tanker
419333444,MT SAGAR JYOTI,2026-08-19T06:47:00,14.405331396963957,79.85841969401784,7.867681304740518,140,140,under way using engine,tanker
419333444,MT SAGAR JYOTI,2026-08-19T06:57:00,14.388153836340111,79.87303794347416,7.779133834304507,140,140,under way using engine,tanker
419333444,MT SAGAR JYOTI,2026-08-19T07:07:00,14.370975347561314,79.88765395856856,8.038389995073294,140,140,under way using engine,tanker
419333444,MT SAGAR JYOTI,2026-08-19T07:17:00,14.353795931913215,79.90226774230665,7.712108277688311,140,140,under way using engine,tanker
419333444,MT SAGAR JYOTI,2026-08-19T07:27:00,14.336615590680825,79.91687929769289,7.639590763835627,140,140,under way using engine,tanker
419333444,MT SAGAR JYOTI,2026-08-19T07:37:00,14.319434325148567,79.93148862773069,7.9128706492187835,140,140,under way using engine,tanker
419333444,MT SAGAR JYOTI,2026-08-19T07:47:00,14.302252136600233,79.94609573542235,7.832449018951715,140,140,under way using engine,tanker
419333444,MT SAGAR JYOTI,2026-08-19T07:57:00,14.285069026319,79.9607006237691,8.013168983424528,140,140,under way using engine,tanker
419333444,MT SAGAR JYOTI,2026-08-19T08:07:00,14.267884995587448,79.97530329577108,7.90447771362749,140,140,under way using engine,tanker
419333444,MT SAGAR JYOTI,2026-08-19T08:17:00,14.250700045687543,79.98990375442735,8.130121393672992,140,140,under way using engine,tanker
419333444,MT SAGAR JYOTI,2026-08-19T08:27:00,14.233514177900632,80.00450200273588,8.054560703794579,140,140,under way using engine,tanker
419333444,MT SAGAR JYOTI,2026-08-19T08:37:00,14.216327393507465,80.01909804369356,8.11831292939932,140,140,under way using engine,tanker
419333444,MT SAGAR JYOTI,2026-08-19T08:47:00,14.199139693788185,80.03369188029622,8.014922986191873,140,140,under way using engine,tanker
419333444,MT SAGAR JYOTI,2026-08-19T08:57:00,14.181951080022321,80.04828351553857,7.9213899274776916,140,140,under way using engine,tanker
419333444,MT SAGAR JYOTI,2026-08-19T09:07:00,14.164761553488802,80.0628729524143,7.670598091043241,140,140,under way using engine,tanker
419333444,MT SAGAR JYOTI,2026-08-19T09:17:00,14.147571115465944,80.07746019391597,8.138304224165417,140,140,under way using engine,tanker
419333444,MT SAGAR JYOTI,2026-08-19T09:27:00,14.130379767231473,80.09204524303509,8.029416412662151,140,140,under way using engine,tanker
419333444,MT SAGAR JYOTI,2026-08-19T09:37:00,14.113187510062504,80.1066281027621,8.093692095289963,140,140,under way using engine,tanker
419333444,MT SAGAR JYOTI,2026-08-19T09:47:00,14.09599434523555,80.12120877608636,8.228686118644386,140,140,under way using engine,tanker
419333444,MT SAGAR JYOTI,2026-08-19T09:57:00,14.078800274026522,80.13578726599619,7.667654146226674,140,140,under way using engine,tanker
419333444,MT SAGAR JYOTI,2026-08-19T10:07:00,14.06160529771074,80.15036357547878,7.838371769109933,140,140,under way using engine,tanker
419333444,MT SAGAR JYOTI,2026-08-19T10:17:00,14.044409417562909,80.16493770752031,8.216409031692669,140,140,under way using engine,tanker
419333444,MT SAGAR JYOTI,2026-08-19T10:27:00,14.02721263485715,80.17950966510585,7.966296070427976,140,140,under way using engine,tanker
419333444,MT SAGAR JYOTI,2026-08-19T10:37:00,14.010014950866982,80.19407945121945,7.8354912478212855,140,140,under way using engine,tanker
419333444,MT SAGAR JYOTI,2026-08-19T10:47:00,13.992816366865325,80.20864706884406,8.083273819470424,140,140,under way using engine,tanker
419333444,MT SAGAR JYOTI,2026-08-19T10:57:00,13.975616884124504,80.22321252096157,8.318268545588506,140,140,under way using engine,tanker
419333444,MT SAGAR JYOTI,2026-08-19T11:07:00,13.95841650391626,80.23777581055283,7.631368112025011,140,140,under way using engine,tanker
419333444,MT SAGAR JYOTI,2026-08-19T11:17:00,13.941215227511716,80.25233694059763,8.328089044193,140,140,under way using engine,tanker
419333444,MT SAGAR JYOTI,2026-08-19T11:27:00,13.92401305618143,80.26689591407467,8.135338419901668,140,140,under way using engine,tanker
419333444,MT SAGAR JYOTI,2026-08-19T11:37:00,13.906809991195347,80.28145273396163,8.16362938053662,140,140,under way using engine,tanker
419333444,MT SAGAR JYOTI,2026-08-19T11:47:00,13.889606033822835,80.2960074032351,7.776795027661012,140,140,under way using engine,tanker
419333444,MT SAGAR JYOTI,2026-08-19T11:57:00,13.872401185332658,80.31055992487063,8.005508128384871,140,140,under way using engine,tanker
419333444,MT SAGAR JYOTI,2026-08-19T12:07:00,13.855195446993008,80.32511030184274,8.055143410409785,140,140,under way using engine,tanker
419333444,MT SAGAR JYOTI,2026-08-19T12:17:00,13.837988820071475,80.33965853712486,8.074412491650794,140,140,under way using engine,tanker
419333444,MT SAGAR JYOTI,2026-08-19T12:27:00,13.820781305835062,80.35420463368939,8.303743344813052,140,140,under way using engine,tanker
419333444,MT SAGAR JYOTI,2026-08-19T12:37:00,13.8035729055502,80.36874859450768,8.054880256110415,140,140,under way using engine,tanker
419333444,MT SAGAR JYOTI,2026-08-19T12:47:00,13.786363620482708,80.38329042255003,8.260618575859118,140,140,under way using engine,tanker
